classic_1-binary, time, found, front, igd, hv, evenness, mean, median
cwmoip, 197.13, 465, 465, 0.0, 334.060825, 2.700316, 450158.079929, 850.372271
epsilon, 243.46, 465, 465, 0.0, 334.060825, 2.700316, 450158.079929, 850.372271
